vase_prct_1,vase_prct_2,vase_prct_3,vase_prct_4
1,0.0943522748312714,0.198976852675004,0.314141148074684
2,0.123913635782896,0.246097403832776,0.460360077399565
3,0.143686340114021,0.284595631990183,0.568764081963281
4,0.170836721602008,0.318208986267013,0.623315442622905
5,0.189450901438408,0.371065706067355,0.672256687966299
6,0.203189088231487,0.417793170225611,0.705848910075277
7,0.215029742015747,0.476034018464126,0.794685512828432
8,0.234272910833013,0.502942895915998,0.815862850814038
9,0.243465579923198,0.541079344868092,0.84874946253604
10,0.263033541189029,0.556577913211405,0.887229588104358
11,0.26852118548707,0.56228597528359,0.878648298570343
12,0.280794089404574,0.573788710253951,0.929312538223793
13,0.282833367460896,0.600308959398434,0.947144884085767
14,0.294156522968465,0.626247054968934,0.954837966713954
15,0.299140645173326,0.63780015995753,0.978833754864678
16,0.315204887370793,0.647649605836754,0.980550101819725
17,0.314122719469455,0.658103848318512,0.984249560866623
18,0.335122386215983,0.694110986030911,1.00295336339619
19,0.346717447470441,0.699027241551114,1.01657641305713
20,0.35661374215448,0.701736362246288,1.04677673093205
21,0.367184390942498,0.71630541227187,1.07241821932804
22,0.363759916637463,0.734114656604131,1.08487360250214
23,0.385260746597223,0.760951745934529,1.09243957022138
24,0.389428112942979,0.758951540950062,1.10115819380662
25,0.401288809771475,0.760682154753397,1.11395394971044
26,0.417990083943358,0.773662020979347,1.11550806056698
27,0.420971141248502,0.782416766149153,1.11644942038197
28,0.414748470763565,0.787449394593586,1.1309766315744
29,0.424349582177343,0.800064396000396,1.15447868239768
30,0.424475490685021,0.810684605713313,1.1621342362532
31,0.434876901093587,0.815647092892576,1.17414318780743
32,0.429566347225677,0.813333568589956,1.18063111901869
33,0.432181329476183,0.822712884717394,1.20093488172273
34,0.440835030818776,0.820120692969793,1.23650290885216
35,0.444726669637762,0.825455234889554,1.26118915638798
36,0.444457146292934,0.834161263926361,1.2566389996378
37,0.438447743226245,0.820956596258164,1.2337590954204
38,0.440803802750839,0.819207660234645,1.23067145818721
39,0.43154921166439,0.819952421839166,1.22367673077772
40,0.45152499500962,0.821262535288136,1.25561035376321
41,0.452909828963643,0.820242821277041,1.24932749194381
42,0.45017528259116,0.836252691971791,1.24912652704335
43,0.450528428684025,0.852865774659953,1.26913363037109
44,0.449754967119533,0.868721835322421,1.28336284373708
45,0.461823839503824,0.87344913163881,1.32877103026949
46,0.456213866717246,0.874822490894026,1.3174879799066
47,0.463765887483289,0.881826842900054,1.30701228858462
48,0.469347649312352,0.891775360622314,1.30105724274212
49,0.476023879769102,0.90223255635469,1.3158950494243
50,0.471352780582426,0.897250563807324,1.33194852312769
51,0.481112087146109,0.894903533822162,1.33473453199749
52,0.481284663626528,0.896360920714865,1.34614824412561
53,0.487467587749065,0.902251609724396,1.35377872572264
54,0.499851101867604,0.916303525287414,1.35855723186833
55,0.494986046800004,0.929863193381661,1.37880716811339
56,0.494787829328324,0.938650746161543,1.38521612987403
57,0.491358444029829,0.931163266932586,1.36784138379247
58,0.499723448826121,0.93896338617697,1.3790391501877
59,0.499648095634118,0.950498245971635,1.40834161894947
60,0.51174289521227,0.942420167572048,1.40503237309935
61,0.50066949445926,0.942178393287441,1.40161943048756
62,0.504205105746843,0.949029137582431,1.40483291684669
63,0.511687930877212,0.958282217944092,1.4079939266347
64,0.513190374304517,0.964637238712603,1.42963214460664
65,0.529310379072058,0.962766491121003,1.42556980720013
66,0.520781590334098,0.968877640273676,1.43829438968355
67,0.519765318584585,0.975112917221013,1.43651732418999
68,0.519215090665693,0.974681610317149,1.43615584389095
69,0.525305238020637,0.974921773208209,1.42786996992812
70,0.52415967348029,0.984749941838096,1.42436714276734
71,0.52939189049997,0.984510862277428,1.42923978529613
72,0.531727140175423,0.991211870348215,1.4429321995947
73,0.543125202384054,0.994496568258283,1.45635279717179
74,0.531601806805972,0.989161699619177,1.46895435540269
75,0.530674363927198,0.98968111569134,1.45382405626937
76,0.54007222124046,0.987085475790738,1.44380058665699
77,0.544771106507186,0.993253053780879,1.45601053238247
78,0.539069644588242,0.994082147840838,1.45387778237687
79,0.529333762045497,0.995803448083168,1.46200437509633
80,0.542341000472555,0.991339229211898,1.47517245171474
81,0.542979495682097,0.998033596044772,1.49635032382398
82,0.542504536445416,0.997667297560101,1.4883009171763
83,0.55082928501598,1.00408154937529,1.49747880666076
84,0.553565568473823,1.00832655820603,1.49881737102216
85,0.555970276640123,1.00732197570404,1.48816931509817
86,0.550422207123729,1.01266549565805,1.48584771262335
87,0.554418859679671,1.00707146356085,1.48537173048732
88,0.564775826160294,1.00948007806473,1.47661635771217
89,0.556201639700672,1.01799699155918,1.4617513832083
90,0.5608793826153,1.01842049279667,1.4741135358103
91,0.565888571841059,1.01891703316197,1.48206738760591
92,0.565805652477021,1.01833197908568,1.49255851283703
93,0.561151294629943,1.01498442002874,1.47460396990834
94,0.565711296781997,1.01400771018785,1.46147798329009
95,0.552773299265579,1.01048626959927,1.45497388578556
96,0.56481111649316,1.01032355763802,1.46170533066792
97,0.55123023736003,1.00776058509697,1.46446982018542
98,0.559891519565628,1.01186130438364,1.46288314959221
99,0.559735193955153,1.01235545772303,1.45940000893779
100,0.567024810185583,1.01527392363788,1.45517228577576
101,0.572294442406812,1.01899399415759,1.47332412185263
102,0.563816970309134,1.02128536975843,1.47880207988728
103,0.564569487642397,1.02644873105353,1.4903702509122
104,0.564635689042676,1.03230902774848,1.52318821677848
105,0.560942246937703,1.03080014932527,1.50728942095358
106,0.57198097630459,1.0412825173956,1.50575795767391
107,0.572274071616673,1.03738805237043,1.50962462137736
108,0.565507641953439,1.03499411763707,1.50832489749698
109,0.560381355717085,1.04115246263421,1.50759900556144
110,0.564776372315354,1.04427609101827,1.49814870654715
111,0.574215563495848,1.04770627905947,1.51169116934438
112,0.57346713689044,1.04794007098772,1.5113627868179
113,0.571543434290969,1.0448637394588,1.4920293399325
114,0.559025919797635,1.0534200458355,1.50027930502508
115,0.563322309598008,1.04899298282669,1.51278457870678
116,0.565186953239648,1.05146652563304,1.52225398262556
117,0.573050022497176,1.04975090500508,1.52731175496297
118,0.570850926243833,1.05324720749805,1.50226952592262
119,0.576177572273261,1.05460681280109,1.48196182127602
120,0.574929789492312,1.05217948460847,1.49232217166116
121,0.571337947532773,1.0667291007492,1.49709271179458
122,0.565556596013536,1.06991928798907,1.52281281529881
123,0.565282905612387,1.06739666789843,1.52924362884595
124,0.565019522667846,1.06985283465184,1.54873979818539
125,0.566825169169992,1.07221225329339,1.537791103831
126,0.563910459909481,1.06328744049847,1.5514249955384
127,0.5661877557325,1.06042546325747,1.5358467096992
128,0.568204370767449,1.05541576482564,1.53420690881383
129,0.56454305208471,1.05608558217749,1.53313476048751
130,0.571949247918172,1.06451119284783,1.54265524274357
131,0.581769988686922,1.06369829522915,1.53899395552964
132,0.564238815794753,1.05664329787595,1.5210332242911
133,0.562455556516934,1.07065089431524,1.53850895012545
134,0.566972116675767,1.06605854098146,1.5413928554038
135,0.570200733319259,1.07389527225666,1.5321040158532
136,0.569931530560733,1.0681571383811,1.52117739532663
137,0.575981969227586,1.06135223669626,1.51977586225842
138,0.573721715772813,1.05687840652484,1.50617020820755
139,0.572703258156895,1.05908394380149,1.50935532104884
140,0.572041344062534,1.06148713187939,1.50700729692439
141,0.574274552148866,1.0662691782983,1.51058462805407
142,0.574789271886629,1.06356771576409,1.50997511570485
143,0.572741299825584,1.06020640157917,1.50248834620747
144,0.570889078067546,1.05857110550164,1.50402687447186
145,0.574547353984916,1.05699189716051,1.50402272672545
146,0.568702479203116,1.06004957531372,1.51366700403802
147,0.581678774635997,1.05766412258564,1.52109012725904
148,0.582188532029776,1.05576202854776,1.51282149351121
149,0.573213026947566,1.05031733348445,1.50076774912084
150,0.578770274621498,1.05257819215009,1.5026036031265
151,0.575990279451848,1.05817687478278,1.49878008116771
152,0.572167014315317,1.06109994773404,1.49629494142437
153,0.571899402504521,1.06436298335857,1.5035598661795
154,0.567002655237685,1.0573497063772,1.49869189815387
155,0.573189813376177,1.06254953197442,1.50241832333675
156,0.573562254810164,1.05638298135842,1.50856023939244
157,0.570129319010022,1.05645134619928,1.50320387070977
158,0.57613576026811,1.06007529753478,1.50098367295256
159,0.579354611782363,1.06312245767889,1.50837337655559
160,0.56668700831783,1.07105054677753,1.51274275166101
161,0.574549740496314,1.07819737101412,1.51866439413485
162,0.569291167644642,1.08309421566502,1.49425204857913
163,0.566620357783604,1.08667101365455,1.51337980555125
164,0.566978464554447,1.07976511073076,1.5245471198614
165,0.563806474885576,1.07483853272243,1.51322912671526
166,0.564884478543643,1.07644977879973,1.51166289902432
167,0.569311049026615,1.07251441924869,1.51350317464501
168,0.581386506899172,1.06863813971841,1.51105262806974
169,0.587130722703514,1.06957480754622,1.50408080487754
170,0.583626325265843,1.07440539034272,1.50481970558193
171,0.583008316336698,1.06905072733224,1.51676780474679
172,0.588488044328124,1.07041465989263,1.5151560842788
173,0.582157704429623,1.06999502228752,1.50505368316111
174,0.587213578075999,1.06834704624269,1.50435795848582
175,0.585321591399586,1.06608287566502,1.50069443904988
176,0.582207668924047,1.07111701074293,1.5048792888192
177,0.589858468870526,1.0707627201301,1.50563259765639
178,0.591487135141067,1.07334341516384,1.51220909371855
179,0.588502514727544,1.0671522515578,1.4949049618893
180,0.590860913696677,1.06814502806794,1.49177979245204
181,0.581125011843599,1.06739755834499,1.49639372641754
182,0.582821457003674,1.06894089579436,1.49409278689621
183,0.582458588031492,1.07521487182249,1.50325810725655
184,0.592479860770993,1.07617733618561,1.50398159530202
185,0.586427013163213,1.07763032449356,1.50005676934513
186,0.591865215880826,1.07764222751894,1.49359021527627
187,0.576328411134805,1.08264043381658,1.4898439128654
188,0.576385202834078,1.08148987354105,1.49426061353236
189,0.577431162925047,1.07888282923608,1.50031602468523
190,0.580430490945313,1.0818036188331,1.51714746571155
191,0.592545168683079,1.08213704868601,1.51813417928603
192,0.587872530114489,1.08357842526051,1.51402641129217
193,0.58654109749318,1.08027154113391,1.50170443868869
194,0.588376018854017,1.07657694987887,1.50010098811129
195,0.587351922051313,1.07840626387118,1.51625178363935
196,0.583911796205346,1.0776436154999,1.51516397989946
197,0.586547694821444,1.07415299708931,1.51691583632661
198,0.595692471853714,1.07572095871562,1.52222637152684
199,0.595374010160681,1.07632631727187,1.5152104473989
200,0.598159435377453,1.0871452590658,1.53062112387344
201,0.594545290058813,1.08880690465749,1.52757109329883
202,0.602856436027958,1.08535617329399,1.51258124856036
203,0.58919851432937,1.08654108594066,1.50860854103514
204,0.590734554276187,1.08875441457518,1.50934598472609
205,0.587307210682471,1.08497292537818,1.49739824819586
206,0.590468843101912,1.0881408915165,1.50608021292459
207,0.586695739211596,1.09198461213111,1.51007053942159
208,0.581588998958035,1.08718244335833,1.50647259240536
209,0.583374892368947,1.08899077035088,1.50871547045736
210,0.585721532005452,1.08531735324676,1.50112419094579
211,0.586044108548003,1.0876420732795,1.4968415623864
212,0.590178060944352,1.08891061807408,1.50672819021573
213,0.586360921901967,1.08827297162977,1.50864437275739
214,0.597073201087398,1.09554153805837,1.50848445985341
215,0.594971502761918,1.09384459258115,1.51259843884509
216,0.597656906675948,1.09789918659564,1.52523492972751
217,0.605179022398235,1.09477126299694,1.52973270302226
218,0.598277514702121,1.10020586220599,1.52702967257335
219,0.597727754959722,1.09844799658714,1.52168777565285
220,0.595703006502551,1.09980645894004,1.51861895425333
221,0.595886578707444,1.10400055699664,1.52621335789678
222,0.593623818769843,1.09896638588266,1.5260620736165
223,0.604592029383382,1.09813276752042,1.51734867128002
224,0.600296769729072,1.09320132938547,1.51755338851564
225,0.599729657665993,1.09551302922759,1.53240205051877
226,0.599958019406922,1.09613170987296,1.52078799943921
227,0.594932907657547,1.10039136977251,1.51048538846546
228,0.592424406725014,1.10101171334239,1.51155217967358
229,0.599559342669746,1.09911849107067,1.51702024033222
230,0.596448466624517,1.1044187908579,1.52131920063414
231,0.599880286164712,1.10402557437073,1.52335691603673
232,0.595842899715978,1.10971734627971,1.5278315138077
233,0.595854779239453,1.10612461230924,1.52462669949608
234,0.591274802871884,1.10220517729972,1.52825929340831
235,0.607222200615989,1.10143413007151,1.53556586301112
236,0.601586669012802,1.1013330970191,1.53055703450038
237,0.598491896209568,1.09542837036541,1.53594738526998
238,0.59171009719596,1.09414628340738,1.52887122986822
239,0.593496506006043,1.09331664819564,1.53570496732803
240,0.596871677553787,1.09426580869231,1.53079329100062
241,0.59350010784592,1.09222803866722,1.53012357300903
242,0.59265514519204,1.09967146706057,1.53959599268049
243,0.587308442068483,1.09348695647204,1.53821629032265
244,0.594069329271322,1.09879838972972,1.54119723140107
245,0.594438745666688,1.10077232034419,1.53478231839854
246,0.590851790472326,1.0977660874219,1.53191108438403
247,0.596876827535729,1.09768310761642,1.52474924638887
248,0.592802757029906,1.10459018288262,1.5249426730399
249,0.597635040675861,1.10472626009328,1.51867941554344
250,0.596083928236012,1.1021929417527,1.51300610882567
251,0.600144336691907,1.09886579297218,1.51373816154098
252,0.595229091550848,1.09992797506279,1.50753622733086
253,0.605202602022072,1.10167952782033,1.51405416173017
254,0.60702189362624,1.09973372891122,1.50620314953848
255,0.598364093154379,1.09919505572676,1.50928335279163
256,0.601672185253125,1.10133486056314,1.50245947201148
257,0.587474239138957,1.09756135338541,1.50468818417546
258,0.598782208685393,1.09545791116563,1.50363141912282
259,0.597575922692306,1.10175631053316,1.49758664617056
260,0.598377839365321,1.102151854603,1.50780887727963
261,0.600184428743723,1.10575258545285,1.50845512496186
262,0.600414370741646,1.10436677085702,1.50105131309437
263,0.611144468567445,1.10358816836609,1.5043949609048
264,0.607099918981,1.10242722944923,1.49374010440527
265,0.609092429322176,1.10281260809737,1.50114781334431
266,0.607541391217372,1.10404500125739,1.51541677528659
267,0.604975618562346,1.10489666473591,1.51326867357865
268,0.607512087497166,1.10718499271582,1.51876713438027
269,0.603035522076328,1.11051935470509,1.51863294972734
270,0.605193303138051,1.10884948777564,1.52820281878164
271,0.607628347314275,1.10767253059318,1.51613681471495
272,0.607377722977611,1.10297784652636,1.51460251108463
273,0.615038817627628,1.10586896121472,1.512337322589
274,0.614279891381091,1.10823501313145,1.51808355672121
275,0.615126200818525,1.10744686494851,1.52327005218816
276,0.617797232412761,1.10750986006806,1.51826032481276
277,0.611322925918164,1.10753829459479,1.51407790091186
278,0.612171187748647,1.11119770803021,1.51306416579692
279,0.607512430042648,1.11266309916354,1.51503417915965
280,0.605478847051192,1.11409503899094,1.51860862963964
281,0.601357394056782,1.10996885349938,1.5221316394651
282,0.594747953965133,1.11325992012825,1.52310418324759
283,0.599288444336704,1.11075141963904,1.52503302834264
284,0.59804368532854,1.11723085761872,1.53403435758325
285,0.594597754143932,1.12299509022247,1.52468993660879
286,0.597419697228985,1.11581510629422,1.52670906737731
287,0.592826999225179,1.11732283095957,1.53399183664614
288,0.59449788354354,1.11515474824109,1.53493409324655
289,0.59762740730282,1.1179656151363,1.54105947293915
290,0.608640153761286,1.11706554610196,1.52886433675058
291,0.605422203780432,1.11738725266524,1.52658154487746
292,0.604129447056074,1.11717159109054,1.52184466389813
293,0.609359487148644,1.12160243431843,1.52266841442721
294,0.607836151373371,1.12194751762924,1.53122632523399
295,0.607854619923638,1.12103097596874,1.52703916056207
296,0.606122834146215,1.11741079931619,1.52839903457368
297,0.604574159509742,1.11912477525039,1.52799578546939
298,0.609453437425269,1.12119052347105,1.5264993221321
299,0.600368187364114,1.12844185592274,1.51830951027091
300,0.600998564284497,1.12953717680955,1.51943054119956
301,0.607330658495594,1.12980805147064,1.52887095266053
302,0.600849533509089,1.12953928001802,1.51814516313825
303,0.603012742888345,1.13479387661143,1.51904391533398
304,0.606953167532656,1.13285945585051,1.5219694929669
305,0.604347372214059,1.13276738092669,1.52643603313089
306,0.600135694146885,1.13396247055349,1.53105708257574
307,0.600143438343389,1.13591722634434,1.53193461372376
308,0.601999147783829,1.1380910508088,1.53553627939848
309,0.602956129695102,1.14091118789813,1.54805190127138
310,0.603791055449364,1.14707719351083,1.55321742521149
311,0.599679359987546,1.14246759912158,1.54488296359082
312,0.596352066331192,1.14026339208916,1.54438826717662
313,0.608497285487322,1.14309862859409,1.55543344598454
314,0.60792836306439,1.14150298400451,1.55737667748069
315,0.606804883861874,1.13717585869275,1.55106259450182
316,0.614647299865064,1.13799683197607,1.55222930214576
317,0.608812512664467,1.13830611689563,1.56366616319236
318,0.613152495251432,1.13758939133974,1.57238193357826
319,0.621920242858674,1.13644569933439,1.57019509365921
320,0.625111505360963,1.13453358764589,1.56883183404494
321,0.614422414491637,1.1375996940934,1.56374327671722
322,0.614239039813202,1.13542125813141,1.56776845795771
323,0.616146236181727,1.13756335724728,1.57027716154763
324,0.609326734321598,1.13970649439956,1.5568756929729
325,0.621840789135949,1.14413438028365,1.57156816702337
326,0.621045163618772,1.14833774112206,1.56457834844045
327,0.620637388513919,1.14708430564211,1.55094110659044
328,0.62052260007751,1.14226457310457,1.54316228533469
329,0.617046439376154,1.14198495332689,1.55525460481204
330,0.625623208066205,1.14445188364697,1.56011719902565
331,0.624612732675509,1.14173577279617,1.56071175560789
332,0.623910996315001,1.13959039888555,1.55995750194824
333,0.631192747377396,1.14500546167112,1.56282443534611
334,0.631507431922469,1.13960657866626,1.55925719486213
335,0.623635390654392,1.13956704850154,1.55149043844322
336,0.637997705295209,1.14237469915519,1.55260574105802
337,0.631166660435894,1.14115243794375,1.54644955406637
338,0.630233247649179,1.13920587341588,1.54000773606444
339,0.626016974933054,1.13841105888012,1.5360899618268
340,0.629150762928152,1.13552637082835,1.54475290472773
341,0.6330232588651,1.13559116786364,1.54082291930708
342,0.632649280216984,1.13567188078938,1.54416614542252
343,0.64186260644178,1.1390079485622,1.54655763312583
344,0.640344841747024,1.1388337381895,1.5584119538017
345,0.635250406777589,1.13151604296118,1.5675566035084
346,0.639552535913804,1.13531155305878,1.56847321394469
347,0.631031991854965,1.13544249946469,1.57400925220226
348,0.63091112177017,1.13573100622549,1.57657575500756
349,0.631202168701855,1.13607517098337,1.57487613448602
350,0.632789945141318,1.14046567205464,1.5710251445923
351,0.628156475380479,1.14338845130532,1.56237300613098
352,0.625437979267268,1.14102578463449,1.57209818963172
353,0.629023042579941,1.14346019914433,1.57608963344745
354,0.618343792954547,1.13669841491605,1.56772730353416
355,0.63040352489309,1.13517967883774,1.5663936908661
356,0.631011661714394,1.13882074389976,1.5717429893115
357,0.635107117632049,1.14441405848465,1.57701624882574
358,0.633555922695622,1.14708824564404,1.57429461105738
359,0.625621007933879,1.14148425990953,1.57326474023538
360,0.624627586253989,1.14484744746962,1.57800114220415
361,0.624005800646986,1.14076690862468,1.58480935190715
362,0.624759255415042,1.14651577077303,1.58906647321048
363,0.625577485085327,1.14714078019188,1.59430822501308
364,0.62111414351084,1.14505750876239,1.58785962557587
365,0.61026211637597,1.14513455579009,1.5969446796841
366,0.615535879920696,1.14508476312704,1.58578827826067
367,0.615219526926235,1.15257289306575,1.59112996888506
368,0.615783752719894,1.15649722689553,1.59101077450461
369,0.617466745766437,1.15703969736434,1.59263873973089
370,0.624301464622755,1.15331863543433,1.59064843907035
371,0.616743678281184,1.14719640337519,1.59099770010464
372,0.626422183828427,1.14645304375792,1.59390955767737
373,0.625125690013139,1.14326756365955,1.59602223246578
374,0.629122915434074,1.14684538086782,1.59573928687469
375,0.620496026088621,1.1440552638319,1.58970439954902
376,0.626742129545722,1.15240386380114,1.59021142748338
377,0.623781227371879,1.15401150715159,1.59134750699084
378,0.621283020440749,1.15376598672214,1.59590993766407
379,0.629512328307071,1.1529688282899,1.59490631477474
380,0.628815626857072,1.15156400137616,1.59006202506032
381,0.621503661971309,1.15078956913406,1.59292305628254
382,0.62644033669056,1.15225136152079,1.59190012251324
383,0.628168428866866,1.15772500239818,1.59181039333619
384,0.625960266006725,1.15167702407414,1.59419497867432
385,0.627567392481686,1.15290859484917,1.60058477601732
386,0.626431826369764,1.14937252385101,1.60630455365087
387,0.62824752000042,1.1506705766079,1.6113297578345
388,0.634186913865549,1.15411494024703,1.60922108053459
389,0.631020284768015,1.15701388375632,1.60830626138368
390,0.628200067576787,1.15732485884931,1.59819702462616
391,0.626908278224993,1.1548369996077,1.60273643982148
392,0.623904334805982,1.15756385387985,1.60530271043102
393,0.624164285557069,1.15500212612275,1.59713962112446
394,0.623663734603261,1.15777374776057,1.59935689153
395,0.623315303821582,1.15138853992032,1.59584603668858
396,0.622684559512308,1.15231214006281,1.59106285938834
397,0.61214658092814,1.14987303992025,1.58736465509236
398,0.619335674434331,1.14662914091411,1.58656361607395
399,0.624773395461035,1.14483804236817,1.57947415223469
400,0.617074796954128,1.1451911989399,1.5838818880291
401,0.618759766980887,1.14656667855296,1.58521381719985
402,0.613571903809762,1.1511512831342,1.58277894986344
403,0.614137531020926,1.15192048449737,1.58030007005729
404,0.614986515256111,1.15679550085639,1.58054847210436
405,0.614899258618925,1.15509082885071,1.57767595447355
406,0.614514434891252,1.15551973286558,1.58096115302812
407,0.613038400714841,1.15477886690069,1.59016867963178
408,0.618486553059455,1.15288483453352,1.59158767993397
409,0.618790792823131,1.15194292174772,1.58762028750332
410,0.615608331620746,1.15027237357614,1.59076588395582
411,0.61630107246997,1.14976681056288,1.5908751502051
412,0.616048681940378,1.14852483468874,1.58686537151498
413,0.620628885050438,1.14904743805217,1.58054225074552
414,0.621036296736672,1.14240724473674,1.57777327347599
415,0.614013105937244,1.14733394564355,1.58098997226153
416,0.616083739487416,1.14952185213831,1.57955627978045
417,0.613882206142173,1.15006812912894,1.58833493892222
418,0.625389201089879,1.15038426180333,1.5854927320954
419,0.620975095138297,1.15190448922007,1.59312684765625
420,0.618466989057691,1.15189414957401,1.59942538292888
421,0.62258308470953,1.15549211112811,1.59720124347511
422,0.619110413495474,1.15799455351986,1.59584957520809
423,0.624482862663939,1.16277950295883,1.59761883808545
424,0.621930988702561,1.16049047895577,1.59710196809412
425,0.61811120661506,1.16374153394118,1.60069091980557
426,0.622063003597303,1.16329296093312,1.59605297945702
427,0.624925247217821,1.16639936074059,1.59927800602586
428,0.626259778011094,1.16561641809354,1.59543215733542
429,0.619335836926908,1.16221140875083,1.59859780651834
430,0.618840987228831,1.15713531341392,1.59733491844117
431,0.619927419089986,1.15911260279769,1.60083039995765
432,0.621104532876694,1.16061628837312,1.59952403976411
433,0.621028551966635,1.15946149809695,1.60416461966077
434,0.62216875629021,1.15517612614098,1.60204089409298
435,0.627226086150526,1.15791221727224,1.60428763891282
436,0.630795622852287,1.15687983167159,1.60397890984558
437,0.632558999499271,1.15861327813141,1.60840023262266
438,0.630615542637183,1.16547395063678,1.61164318600127
439,0.627646833173344,1.16860947296014,1.61917333426902
440,0.632403338951508,1.16724056350598,1.61678934511692
441,0.6311193164052,1.16737139591327,1.61258575271479
442,0.623747730693613,1.16820924837522,1.60713186629856
443,0.622509243017032,1.17124565057446,1.61085459492977
444,0.623410339435375,1.16842533442807,1.61427988461812
445,0.624728021165743,1.16756983946779,1.61188909285321
446,0.622129165275106,1.17132081378849,1.61347032886422
447,0.620054584762447,1.16838407794061,1.61382447015188
448,0.625037525674119,1.1673687295271,1.60457808033885
449,0.622619779552361,1.16675363761067,1.60705306892833
450,0.6302469241415,1.16579142257061,1.61116091928266
451,0.623002774372964,1.17154280394392,1.61081360802371
452,0.62008982904818,1.17112730451345,1.61676059853219
453,0.621305660089944,1.17217794542777,1.61595817109939
454,0.618032768896826,1.17666845380382,1.61576485934357
455,0.61318838644628,1.17750391418521,1.6153825149485
456,0.617765412720683,1.18222236114926,1.61908694735956
457,0.617729228681229,1.18184952445771,1.61804748172235
458,0.613081103697731,1.18286284444675,1.61818311599837
459,0.612313499203513,1.18474849074015,1.62066233173326
460,0.613760748055991,1.18480542636937,1.62426890605611
461,0.611818271290454,1.18605179617574,1.62807893771977
462,0.61402915576714,1.18651858860547,1.62981521822815
463,0.612360907783604,1.18253076964591,1.62832196849965
464,0.61308211611945,1.17945868935328,1.62724696254696
465,0.618012603672973,1.18048055922633,1.62378326112347
466,0.614079941539193,1.1808004730656,1.63283699830726
467,0.615078479453694,1.18107552937047,1.63247551154694
468,0.614887319639023,1.18050519533281,1.62521972046498
469,0.61600819076752,1.18283556489711,1.63049497389256
470,0.615587384084549,1.18427705443238,1.62619818534525
471,0.617716640541431,1.18553972706024,1.63263635715208
472,0.617483217878505,1.18639775329518,1.6351555111216
473,0.622014038142752,1.18313283317742,1.6401023187844
474,0.623520861380976,1.18658666710542,1.64343489338077
475,0.629641260750579,1.18392580054869,1.63472150369776
476,0.629287153425391,1.18535229626492,1.6332318886226
477,0.627637265011002,1.18566814521056,1.62802514894861
478,0.631509876539886,1.18462208359635,1.63088190635248
479,0.630173656817181,1.18543173496896,1.6253176470346
480,0.629031374974397,1.18099748847389,1.63038752884518
481,0.63055247961852,1.18308244280848,1.62675684375791
482,0.626020060300798,1.18010771694172,1.62160989046749
483,0.628239224909264,1.17922082310222,1.61523305034929
484,0.625856881900077,1.17994457607228,1.61563572541764
485,0.629521703940728,1.1799807928448,1.61717288092247
486,0.629514485701272,1.17957608618964,1.62353318560135
487,0.621130631309771,1.17768825408816,1.62462758652741
488,0.619724688376388,1.17809821137037,1.61693056483719
489,0.611851776314202,1.18227931455027,1.614901805293
490,0.613710655014372,1.18361901257312,1.61923024878505
491,0.61372114173094,1.18659763158124,1.61431474399527
492,0.61588093348784,1.19200809302971,1.6208257189247
493,0.617371136867022,1.19119080711033,1.62213127679138
494,0.62027074009535,1.19330961851808,1.62273726336787
495,0.613802531939466,1.19293066696026,1.62378562058214
496,0.613282035927714,1.19535008194393,1.62280163720107
497,0.611152472882274,1.19152684301889,1.62141015234342
498,0.610167626713966,1.18929130442314,1.62254182430009
499,0.612986959138081,1.18687838625015,1.62186042335544
500,0.61604182751855,1.18816212938471,1.61858675472002
501,0.616005437640153,1.18399529963101,1.61634026875698
502,0.621549891605091,1.18889277340402,1.61980426768173
503,0.607943930928906,1.18636526316908,1.6159076882616
504,0.620579990512837,1.1851255079028,1.62153112514101
505,0.621934509242342,1.18570927464127,1.61897565102652
506,0.615133825719761,1.1902699036214,1.61839288960013
507,0.620001431681096,1.18756531650643,1.61497253006807
508,0.610975652749379,1.18793442919812,1.61273907538456
509,0.615960466397607,1.18937525208219,1.61679477876618
510,0.617283720577447,1.18892921173024,1.62067783954497
511,0.613976585982202,1.19112000464582,1.62621412412605
512,0.621232662832761,1.1935864516164,1.62477929907868
513,0.618673957957027,1.19341881990033,1.62272368940756
514,0.61570119672636,1.19132203176161,1.61562858001158
515,0.619147833166578,1.19184168510133,1.62034951989119
516,0.624762527837522,1.19415375511048,1.62748991995781
517,0.627010408835562,1.19300154767739,1.62836564561061
518,0.624194053527765,1.19296851225132,1.63094362251954
519,0.630121775454261,1.19451806889102,1.62490132130399
520,0.634457325092671,1.18920361529848,1.62768653404659
521,0.632273338249915,1.19661055805496,1.63205606519034
522,0.636086311163454,1.19358846560492,1.62992109303612
523,0.636384757182202,1.19571966130714,1.6257156904244
524,0.627121050113369,1.19640428691587,1.6259320830371
525,0.620553573481765,1.19774856510125,1.62855850827763
526,0.621865850495733,1.19944342511367,1.62852816320388
527,0.625379828999494,1.20018588033201,1.63841143126769
528,0.619873489060378,1.19802219219766,1.63796380541109
529,0.620220567201598,1.19721123290855,1.64018128328902
530,0.616892086512747,1.19605170406442,1.63567465370181
531,0.616687110433251,1.19495775249176,1.62868642824119
532,0.614043576094034,1.19343533487414,1.62865429326601
533,0.613908754926323,1.1909255319348,1.62450327476665
534,0.607053867913009,1.19033377069705,1.61176295446508
535,0.610979966455882,1.19187667883962,1.61431549469444
536,0.606781468316677,1.19005330902669,1.60943221379764
537,0.61000581359215,1.18981917436653,1.60722560157521
538,0.610859307782765,1.19107017368967,1.61595388863017
539,0.611730909097892,1.19367151355682,1.6151741672269
540,0.610761463048617,1.18824821682211,1.61091691114447
541,0.614967812796826,1.1900817301587,1.61205158576538
542,0.617747462553409,1.18849442333046,1.61168633943086
543,0.611539709743283,1.19304849726367,1.61283215525166
544,0.612299629911562,1.19182460593813,1.61940848247934
545,0.612663067185593,1.19132289663107,1.61348285882296
546,0.61743351035953,1.19110206178263,1.61406460302143
547,0.614096833698411,1.19114424562285,1.61080105812054
548,0.61692886789521,1.19621608096156,1.6147308521486
549,0.624657603372532,1.19694556344378,1.62238430909122
550,0.621198099166277,1.19959884474366,1.62588742581198
551,0.626404163621079,1.1983324873184,1.61443726293821
552,0.627558190603272,1.19743219892604,1.61302859461883
553,0.622760452758743,1.19694610572003,1.61353523930172
554,0.610777112451812,1.19294743741336,1.605698671469
555,0.617651978314819,1.1960500078337,1.61195343721107
556,0.623103911455121,1.19803555755582,1.60723544612776
557,0.628539300449413,1.19844499473169,1.60856416485768
558,0.626463965963891,1.19495845295954,1.61313856214477
559,0.622057930671107,1.19430225101872,1.61327888921261
560,0.618880673986759,1.19400631711383,1.62232735481196
561,0.616412774447242,1.1946117110979,1.62695262141026
562,0.622596502850042,1.19401075333466,1.6251268088146
563,0.62239067738487,1.19373808585577,1.62256875453517
564,0.619044987378995,1.19659796268762,1.62503513203551
565,0.619964124692155,1.19658615810394,1.63214722200292
566,0.626150849159445,1.20040186497082,1.63319054369776
567,0.623262649398047,1.1997908027399,1.63363741463396
568,0.625958176082997,1.20236392383232,1.63433182091549
569,0.621674682228465,1.20414446815055,1.63130810553165
570,0.625923592209365,1.20706466408698,1.62958398162569
571,0.627395161842445,1.20685030967631,1.62890878058298
572,0.626692829260711,1.20476963782897,1.63295495914467
573,0.624072536387071,1.20221152116895,1.63005875756358
574,0.628828488762394,1.20200321389012,1.62691582034832
575,0.622988924669012,1.20224242615916,1.6264915530358
576,0.625191587476138,1.20037153477948,1.63391238220717
577,0.627080686632759,1.20017253256983,1.6311637021822
578,0.633819721615245,1.20445584097062,1.62382101234405
579,0.635027067822323,1.20717861377585,1.62591825006158
580,0.63087110769082,1.20631619688083,1.62446476393764
581,0.637917779376174,1.20575052290385,1.62602226783182
582,0.642913089051244,1.20540848276687,1.63575309642369
583,0.644141922446486,1.20903636983756,1.62564209550915
584,0.639114614447122,1.20772676135123,1.6279399321809
585,0.642943830865842,1.20845102367942,1.62459547619898
586,0.639843074987876,1.20691631377752,1.62538233987812
587,0.643760394230135,1.20820856494886,1.62192601484987
588,0.637146110661176,1.2103761661879,1.62218835867316
589,0.640573180431633,1.20984284500043,1.63012084953025
590,0.638343984001273,1.20939916228306,1.63033291814539
591,0.642483702021842,1.21071007428446,1.63463043132643
592,0.639375650468285,1.20598163828246,1.62664770233198
593,0.642686162730683,1.20398900707084,1.63014927118995
594,0.634712229930635,1.20218624467415,1.63045361813488
595,0.632763896517631,1.20594581235584,1.63286048123427
596,0.635358909083296,1.20531236637501,1.62740866734167
597,0.637908693683532,1.20665721415407,1.63389921190112
598,0.640925646385264,1.20466168080041,1.62439013833195
599,0.633594062664362,1.20675309119751,1.62736818203094
600,0.634842171004426,1.20931540286228,1.62441936122749
601,0.640710876040476,1.20668846516446,1.62511579926981
602,0.635794537267441,1.20245992077123,1.62680231084739
603,0.634604155320615,1.20435061709755,1.62754020064455
604,0.637792040597109,1.2049473343796,1.63192347097912
605,0.639600547127342,1.20486795273571,1.63567249673144
606,0.641486772980073,1.20434211313765,1.63324410444422
607,0.640534634210725,1.20320788489926,1.63486957586906
608,0.634404362868609,1.20511387120078,1.63914164011446
609,0.634189802822083,1.20616149611126,1.64241608891817
610,0.636568788951665,1.20892102831068,1.64468972747293
611,0.640960158998835,1.20916654856809,1.64619029029597
612,0.633561352584391,1.20940109367545,1.64633045883167
613,0.636001382847593,1.21026306088778,1.64500623710992
614,0.635399660251385,1.20746471878388,1.64431419387866
615,0.639286537219027,1.20795026039373,1.64372563233624
616,0.641589591723343,1.20450887797563,1.63886257028986
617,0.644026829158176,1.20595396253475,1.64386415581298
618,0.643524881768379,1.20467862528813,1.64545754342477
619,0.641211154925123,1.20254473024802,1.64711214637672
620,0.641464596144723,1.20464826950612,1.64871827323971
621,0.64753057880548,1.20191222942187,1.65068424842652
622,0.648729451801669,1.20293552380624,1.65641425121265
623,0.647895656721535,1.20578461760665,1.65236494210659
624,0.647365268907152,1.20672318307317,1.65766129467253
625,0.646648396170038,1.20641346250356,1.66504507606523
626,0.648854891643201,1.20627019579111,1.66040938280357
627,0.654462130452258,1.2072205506929,1.65918362086663
628,0.644575943873085,1.20333495282053,1.65622570863437
629,0.656553174275465,1.20641412099157,1.66406706390853
630,0.661223839975351,1.20632260718176,1.66272876267922
631,0.664937772616402,1.20568434603164,1.6636108698089
632,0.663076869707913,1.20576683448728,1.65899169952698
633,0.659859613604331,1.20281828316697,1.6585704514897
634,0.656825709701271,1.20345809102687,1.66353924535823
635,0.655825813983266,1.20272786650612,1.66185257648321
636,0.650608716036993,1.20376845930967,1.65981010109724
637,0.652079440689686,1.20066514380282,1.65533278821812
638,0.65743402069829,1.20128411511675,1.65560158704297
639,0.652675110093571,1.2005541768095,1.6603159696318
640,0.651074790328972,1.20090823800753,1.65284820962294
641,0.657015551376257,1.20228523061245,1.65572207360145
642,0.664845565637332,1.20132128479391,1.65910792548938
643,0.669713005172771,1.20024251115055,1.6629548748942
644,0.669753344070616,1.19634689795145,1.65839182090008
645,0.671223862470827,1.19496241989852,1.65600498093863
646,0.660162642075931,1.19762196111308,1.65666361326709
647,0.669216477191512,1.19827201356067,1.65840592721663
648,0.669732664820914,1.19776553967869,1.64887788282217
649,0.672811793065246,1.20002121894371,1.64732591506284
650,0.670333382301073,1.19879260843628,1.64875037872673
651,0.673632254627919,1.19991477791656,1.64622982285683
652,0.668997412795615,1.20580741364419,1.65185056861103
653,0.669028867091281,1.20234277440635,1.64525360805239
654,0.665898899339919,1.20262215337769,1.63572151179753
655,0.665146418765664,1.20538126545443,1.64220016538404
656,0.668625366336199,1.20710070446415,1.64195368550063
657,0.663398069311883,1.20286545482702,1.63927174003248
658,0.663032345233125,1.19906591935079,1.63495458615014
659,0.655943087062542,1.2029952002335,1.62533743010361
660,0.658654789278191,1.20101185031602,1.62971656441293
661,0.659461612422894,1.19998728557204,1.63223178798691
662,0.663232219849078,1.20069797398857,1.63203783769188
663,0.664030120660407,1.19577151890338,1.63339578336455
664,0.662991295430039,1.19957557841224,1.62949097093772
665,0.665837802774597,1.20024761510631,1.63254165140381
666,0.672191194547462,1.2017599782649,1.63758652353575
667,0.67784188925851,1.19869601049835,1.63498510442146
668,0.666215406482202,1.19828959080587,1.63332921557887
669,0.661255981173127,1.20143837612821,1.63626675459318
670,0.657018599749891,1.2025640352793,1.64220867908708
671,0.657338303871632,1.20503928702545,1.64508334363251
672,0.663112127762746,1.20270985247758,1.64675084885555
673,0.660661516376621,1.2041010926072,1.65032332440986
674,0.659316995341634,1.20246665304505,1.6444322672142
675,0.653179025547078,1.20335845069486,1.6477409213312
676,0.65394178776768,1.20165913228668,1.65306850772451
677,0.656836264398522,1.20135047778489,1.65429902386901
678,0.665122999998966,1.2074461219939,1.65551863750215
679,0.664207098650195,1.20349310246721,1.65994558349499
680,0.664324314466629,1.20281183778859,1.65720673377048
681,0.657854197540902,1.20604119333011,1.65542401390033
682,0.653576618859323,1.2076799128643,1.6557050486939
683,0.65157893234048,1.2039684467595,1.65475413261828
684,0.648982980456447,1.20427517511659,1.65937168901874
685,0.655724866882308,1.20357420486541,1.66001520651068
686,0.650918973245999,1.20223340037425,1.65942431253491
687,0.646661896481824,1.20301362638938,1.65591004837119
688,0.647997976875232,1.20490505201424,1.65368388099137
689,0.642289914843069,1.20709179065966,1.6627620873902
690,0.632532349888078,1.20614060278286,1.65863146892228
691,0.635327057092686,1.20479063577551,1.65520649261325
692,0.628544454468119,1.2014477969698,1.65811718527528
693,0.629224418430205,1.20333698604847,1.65746277205525
694,0.631824827564624,1.20513870394468,1.65195740643614
695,0.626361071837715,1.2049525790234,1.6483214735187
696,0.626511374288521,1.20244334243413,1.64993168997412
697,0.62533878679227,1.20416770675889,1.65356257209455
698,0.62911989783142,1.2035936374234,1.64351990398943
699,0.626831613030918,1.20372791971333,1.63838779172303
700,0.622737395791999,1.20747879584256,1.64366847930105
701,0.627442944981978,1.21058595710328,1.64795106896383
702,0.63436927082815,1.20648469986156,1.65622661023878
703,0.634582517417178,1.20792108606492,1.65323831097291
704,0.645562118652789,1.2120202263325,1.6555174204517
705,0.632662123148166,1.20681666770918,1.64878367986491
706,0.636804300762559,1.20310352066362,1.65277512814516
707,0.642076714341326,1.20571113870293,1.65429941955868
708,0.642239658344889,1.20688331739839,1.64907891697716
709,0.650603418163439,1.20619972753804,1.65149073872159
710,0.643581683624431,1.20968915065146,1.65312318009821
711,0.646553837757603,1.21006917076837,1.65363580629783
712,0.646872806908492,1.21400976212403,1.65917812361195
713,0.650463813971541,1.21387022949587,1.65850203743243
714,0.648418731459451,1.21419253402017,1.65918029165092
715,0.651335229247869,1.21601369391563,1.6624009347278
716,0.648528825394235,1.21648353617801,1.66824632801358
717,0.652062432440753,1.21587773306678,1.67459477498812
718,0.648128633354913,1.21696005368675,1.67142715219298
719,0.642950748479004,1.21923003134854,1.6701885655509
720,0.64510814677072,1.21757015061952,1.67111209747698
721,0.640202218378664,1.21598605657444,1.66944893614838
722,0.6445033027289,1.21544672861104,1.67108552330649
723,0.639296239797824,1.21658395376593,1.67192637354718
724,0.643738231929886,1.21968870011674,1.67137892513799
725,0.640444762478539,1.21803183071135,1.67146028515974
726,0.640127853743968,1.21512108400688,1.67528914668616
727,0.631652162662135,1.21835201728573,1.67313427606833
728,0.638334399116189,1.21559063586699,1.67181617112115
729,0.633126688724655,1.21761469304854,1.67586616539749
730,0.636156040612031,1.21630247660248,1.67796162557259
731,0.635281605479648,1.21464697276144,1.67317649746211
732,0.64102585904261,1.21534428594946,1.67534574180704
733,0.649682691519433,1.21669008475196,1.67399535799164
734,0.658535114578423,1.2199793015643,1.67110978383753
735,0.657027221601315,1.21692261117522,1.66843973386031
736,0.654304281071298,1.21956113864706,1.67539824851807
737,0.652213797414285,1.21837579654775,1.67353176424742
738,0.654271532094967,1.21639479532808,1.67938521936958
739,0.658034168382444,1.2200295277402,1.68310980959648
740,0.661824283261212,1.22137643745966,1.68448828940917
741,0.660578346454673,1.22210972943132,1.68490603912516
742,0.656152696753007,1.22120323711328,1.68880758194617
743,0.65241167869727,1.22159705840102,1.68859835935811
744,0.650953905714064,1.2245727112282,1.68992887782142
745,0.654608274942408,1.22260888127719,1.68759390827063
746,0.648908562877488,1.22279566962162,1.69061597610497
747,0.650101981775695,1.22231193216301,1.68911580836637
748,0.649580573518727,1.22057523154851,1.68693324177745
749,0.645508766287743,1.21839161274161,1.68594564376713
750,0.643726872270209,1.2200955342992,1.68810955821763
751,0.647926686630993,1.21788204876913,1.68902859760792
752,0.645894766669486,1.21943613256655,1.68634517461643
753,0.64303663172917,1.22080625330832,1.69247971598125
754,0.638420291512651,1.22149668256781,1.69345764600008
755,0.636352970507924,1.22229158812828,1.69600502698077
756,0.638441724990394,1.22293733031261,1.69200000489936
757,0.632343856645302,1.22715999629937,1.68870742027082
758,0.637506620744366,1.22425645639534,1.68867086640067
759,0.637907612611924,1.22349372683559,1.68648230908173
760,0.640733769031641,1.22186192320354,1.69245396866714
761,0.634374856033874,1.22549784806982,1.69846054568456
762,0.641442041947542,1.22410765895203,1.6960372252587
763,0.643327912597289,1.22396812571293,1.69304752229741
764,0.645526375814042,1.22552590417883,1.69392838476816
765,0.643438855433863,1.22484438066247,1.69499682778089
766,0.648579353672982,1.22597044220259,1.69828855216837
767,0.649444638695851,1.22563194970033,1.702353149658
768,0.654669719651026,1.22589652150012,1.70827565327753
769,0.654956467237602,1.22727763787136,1.71349446834745
770,0.652171112553956,1.22517675353252,1.71032816631324
771,0.651497197581026,1.22348574931642,1.70784713342067
772,0.655184698648312,1.21940398250428,1.71183806585097
773,0.650983124869669,1.22119572051885,1.70634942469913
774,0.643898933238023,1.21888667448833,1.70648583153846
775,0.642941550472471,1.21981778759222,1.70884832780971
776,0.64937506214732,1.21883987223226,1.70855379473196
777,0.653434840607179,1.22030004299004,1.70419155583926
778,0.648775836339133,1.22572673980688,1.70562307166889
779,0.653685969061548,1.2227593596897,1.70144209341868
780,0.654235365342297,1.22421091897964,1.69877600730653
781,0.651542998542016,1.22239285295636,1.69130631186927
782,0.648378078427777,1.22288056974747,1.69908579395329
783,0.649790195075668,1.22208052442089,1.69203426764481
784,0.650155730561928,1.21998654318808,1.68991450919956
785,0.65187891609427,1.21797918042456,1.68963393963112
786,0.658343651208631,1.21731982846327,1.68155236359651
787,0.650815668975514,1.22120206540403,1.68301696889457
788,0.641242491889001,1.21990048687019,1.67786806165672
789,0.640057494599666,1.21780500844006,1.67704621567391
790,0.640907770582715,1.21489434979009,1.67487468602223
791,0.644569688915551,1.21542379776491,1.68165385137921
792,0.641676500657298,1.21403851828325,1.67817725875363
793,0.642529281965498,1.2157294919345,1.68611975537864
794,0.643504584267872,1.21907856645099,1.69314918934744
795,0.644057828121032,1.22250643071602,1.6924884252577
796,0.643228156388456,1.21915272457315,1.6918321227349
797,0.651442276450472,1.22330380976661,1.69607271886607
798,0.651899332783006,1.22214597999679,1.69599832829254
799,0.649062154942167,1.22179284928089,1.69806953981117
800,0.650829676611187,1.22387582522856,1.69247885691066
801,0.646624750773979,1.22312256750789,1.69328870786091
802,0.654701066739574,1.22588322282776,1.69007726558276
803,0.651244082548334,1.22506119655054,1.69401561267965
804,0.651153059767158,1.22576895199586,1.69467769313618
805,0.651476337150209,1.22321226600466,1.69636531899453
806,0.646798313553523,1.22455885748493,1.69718840307211
807,0.650932088268465,1.22302137611826,1.69756496622984
808,0.651845917021879,1.22284847456774,1.69350771023384
809,0.651210612773692,1.22042145455046,1.6911636652401
810,0.654380921286756,1.22484809461725,1.68429051860962
811,0.655123220637845,1.22531845455814,1.68714867495239
812,0.656469982264358,1.22521571424227,1.68478927291468
813,0.655633839197845,1.22248244115619,1.68007324861789
814,0.659037187460966,1.22478127338268,1.68582595557313
815,0.659416145133931,1.22294571258011,1.68580239764706
816,0.663313073817275,1.2255136099486,1.69143291997896
817,0.658056084475354,1.22275054904229,1.69741050747959
818,0.657963212467386,1.22404043974121,1.69982489587589
819,0.649723677336958,1.2222038181905,1.6989073931588
820,0.652445755307232,1.21997738068362,1.69852816639777
821,0.654274153344535,1.22110222989645,1.69451233884257
822,0.65090120137237,1.22225518994903,1.69208894830621
823,0.647051697929392,1.21936986228089,1.68856459028243
824,0.648768211000076,1.22188783124256,1.69027827184756
825,0.648681604671204,1.22369657835566,1.6905876302681
826,0.650717036650895,1.22112113884077,1.6880201914247
827,0.657089142144317,1.22362692716123,1.69461947812442
828,0.653143422346541,1.22689796059008,1.69765374081835
829,0.657930387838336,1.22595329311835,1.68980744430504
830,0.656854151185979,1.22530032719686,1.6869168301797
831,0.652756990340539,1.22656634043364,1.68979334728895
832,0.652333026407664,1.22646173817447,1.69540147869064
833,0.651396954059258,1.22691529682953,1.69638929310087
834,0.649439193460759,1.22799322334373,1.69636574148072
835,0.653916902090567,1.22648632136376,1.69747316931938
836,0.651328490127496,1.2274187358954,1.70013141213463
837,0.65368339754544,1.2279024711216,1.7044130944516
838,0.653997357624094,1.22736113424568,1.70185997288359
839,0.652403180370364,1.22810133393562,1.70243326387191
840,0.648497784012422,1.22683349461231,1.70186896805043
841,0.645800374825645,1.2282886885999,1.69624002808713
842,0.644508211935468,1.22551024465141,1.69850145481045
843,0.649707484707629,1.22703312235108,1.70043837154327
844,0.645416623335058,1.22615358611011,1.69694018806574
845,0.644666890411264,1.22746977166903,1.69313109395821
846,0.645582997262316,1.22878415494038,1.69821675746101
847,0.648879242833005,1.22988054332064,1.69842314387019
848,0.647447897386517,1.22745233321128,1.69789531882855
849,0.647388194941877,1.22683532296265,1.69755608411699
850,0.649445133042784,1.22655758196531,1.69749684888992
851,0.644850679391982,1.22415636261405,1.69390738820935
852,0.65198111963838,1.2283342095859,1.68898574793798
853,0.654253656671564,1.2288942848904,1.69720568007075
854,0.654259659520398,1.22726150155637,1.69729421051299
855,0.657424687971199,1.23150177550152,1.69650098591168
856,0.658153039359788,1.23092596469944,1.69855253214734
857,0.661741784455979,1.22883179020835,1.70443009153537
858,0.655614039251995,1.2268846930551,1.70463184070732
859,0.651289361286015,1.22935873636556,1.70501584807995
860,0.65257285657509,1.22673010012303,1.70455706709739
861,0.648935212190643,1.22412047330834,1.70108382896889
862,0.650308358372118,1.22521150259306,1.69868500894489
863,0.649402697976635,1.22625549996538,1.69951343134235
864,0.65590634490424,1.23062731292505,1.7012547486792
865,0.65692349628767,1.22920157352245,1.70814704856122
866,0.652391944659492,1.22787970859253,1.69584390340937
867,0.648388353178792,1.22627120352287,1.69645845642439
868,0.650316875636491,1.22613955391116,1.70185037267683
869,0.660361044914641,1.22831359827394,1.70547268432932
870,0.662919182870227,1.22763965693325,1.70929084827856
871,0.661761741402295,1.23030634039864,1.71004611998926
872,0.657458582270806,1.22823164377687,1.7116807898471
873,0.660625152794273,1.22914375535664,1.71476838935992
874,0.659524750350327,1.22924116710321,1.71394206233861
875,0.65031801263083,1.2304580451201,1.71157854020031
876,0.653617444799999,1.2300018330782,1.70644245622205
877,0.650303314355618,1.22886562665866,1.70668713238691
878,0.649104588046633,1.22957037522975,1.70231183004612
879,0.652629014965477,1.22767594079759,1.69608011825962
880,0.653212835119411,1.22411233609781,1.69702584960457
881,0.651238499852815,1.22575135773798,1.69403157374424
882,0.655581504027046,1.22447432705964,1.69511483391266
883,0.646489587912884,1.22662790504507,1.69880493873967
884,0.651835659251251,1.2272442289142,1.69636311296362
885,0.654489317846275,1.22843606657724,1.69416306843231
886,0.653056711684975,1.22744208014623,1.69325136883223
887,0.659496638920968,1.2274818572675,1.69188136692382
888,0.655260423561948,1.23073536305406,1.69583269307064
889,0.653037975563921,1.23122953485052,1.69815173047745
890,0.658755888975666,1.23173961481617,1.69764490202139
891,0.654362137151673,1.23272865762699,1.69433470209475
892,0.654441121010275,1.23172280789447,1.69250174389338
893,0.653177476026605,1.22900103842769,1.69884803649161
894,0.654643286675852,1.22656153683326,1.69980639477078
895,0.655244760912687,1.22660833081312,1.6955280957317
896,0.652087759043084,1.22566171088199,1.69614429604192
897,0.65136013997611,1.22506282614459,1.69582394118231
898,0.657239578180012,1.22361975671843,1.70043969039868
899,0.654371478386072,1.22166524659863,1.70003607153556
900,0.650158985324069,1.2256173509768,1.69708929394069
901,0.650601692256384,1.22182460005726,1.69964868011272
902,0.651607692637355,1.22150756207537,1.69780518746188
903,0.653567266284717,1.22068402054484,1.69824584455315
904,0.653694428691176,1.22481886789604,1.70027538148663
905,0.653173809844363,1.22311029163464,1.69870306070885
906,0.658132746289024,1.21986317975454,1.69353487264466
907,0.658023323111548,1.21899179148991,1.69278350972155
908,0.659778978352295,1.21810919112585,1.69169107987019
909,0.661709911414582,1.22080729453816,1.68996119106559
910,0.664015342139834,1.2210365427141,1.692731741404
911,0.664146766461689,1.21992226699954,1.69280367323866
912,0.661530830032039,1.21978166084544,1.69400446586676
913,0.658702134248732,1.22336928216192,1.69387379885567
914,0.658285885681755,1.22132987235186,1.68856361336758
915,0.654849116734803,1.22198167471487,1.69308753392004
916,0.658134828844836,1.22143758670749,1.68995624756995
917,0.655169452378767,1.22298651237523,1.69135354114349
918,0.647346903005278,1.22732601166059,1.6893319446494
919,0.652276157424509,1.2277942473273,1.69432971822491
920,0.651336902570694,1.22925547264995,1.68943006859789
921,0.652491471497321,1.22439288815661,1.68687255517657
922,0.648461989691896,1.22182666977471,1.68332931769682
923,0.653235002440394,1.21907357069882,1.68705160079926
924,0.646923158928449,1.22193808378877,1.68895747416888
925,0.642374834366441,1.22282989997732,1.69036625038941
926,0.645163347218985,1.22192134614333,1.68618414549023
927,0.650989243024297,1.22290290522651,1.69063266247907
928,0.644314744294557,1.22242456282921,1.68434610713479
929,0.648663049774302,1.22128358519839,1.6833871870763
930,0.649508652212746,1.22350593938748,1.68525147010116
931,0.654286819498071,1.21944516157166,1.68419394452743
932,0.652419543486045,1.21773916838518,1.67805891995564
933,0.651082305542353,1.21864466764566,1.67685296325352
934,0.65134339934638,1.22090314955957,1.68150840634377
935,0.652570386700033,1.22092694383106,1.68563514618882
936,0.65267928634328,1.22265653992347,1.68363665995679
937,0.653963478109931,1.22542966055247,1.69064771972927
938,0.651513989756588,1.2234306265422,1.68702915195775
939,0.655512500390418,1.22615552747279,1.68776862794939
940,0.651644982231128,1.22601505528436,1.69145178368604
941,0.64557696739765,1.22903357961751,1.69190766725069
942,0.651957445766071,1.22797802281177,1.69332873154423
943,0.654460386256632,1.22621977498242,1.69714714696935
944,0.650251077880671,1.22395552908652,1.69780187530382
945,0.644656630765934,1.22439385093788,1.70045538365176
946,0.653843923265562,1.22380963167826,1.70093603886861
947,0.653394145941302,1.22377342811844,1.69548232276858
948,0.651103770561903,1.22298936199573,1.69590864208751
949,0.652078670166808,1.22163562731553,1.7002880116544
950,0.652744583941168,1.22044038798282,1.69666366169854
951,0.657558976243529,1.22007387147344,1.69399272128071
952,0.646926150017413,1.21803197831646,1.68779325644523
953,0.647989974284359,1.21788058000303,1.68809302204087
954,0.640797294131214,1.22105283869825,1.6925552189879
955,0.645607434851955,1.21945302433886,1.69251430491061
956,0.644309696046978,1.22029735347167,1.69372762166212
957,0.646559742489078,1.22079961430015,1.69761621273142
958,0.649230283139824,1.21781264243135,1.70036147950493
959,0.642561875078228,1.2158723557669,1.69951744202212
960,0.641586277354941,1.21294935165667,1.69562594756458
961,0.643753997631179,1.21841445185713,1.69618074217945
962,0.646670922782399,1.21653983431652,1.69341607719539
963,0.641064004240634,1.21641057865171,1.69209087269669
964,0.643541738128266,1.21710906588707,1.69111902240104
965,0.649850075852301,1.21513325551433,1.68853666698445
966,0.651822355806273,1.21760386493492,1.69217558675374
967,0.64775536971802,1.21806107369326,1.69258111210044
968,0.650185566653241,1.21721227142041,1.69257804345066
969,0.646143339476776,1.21924365333771,1.69582064199008
970,0.653368657288424,1.21744395820406,1.69173924518731
971,0.648815672868458,1.21758689109567,1.69101361129872
972,0.650121895602649,1.21842570107705,1.68696445912212
973,0.652511664211716,1.21506219138404,1.68228184958028
974,0.649878060301405,1.21668164663124,1.68322444620692
975,0.652830954579906,1.2155466523969,1.68613724492573
976,0.648829553813256,1.21547992433832,1.68598375695242
977,0.651312259509093,1.21773039002884,1.68384426655677
978,0.648102799643749,1.21910409189994,1.68356123926595
979,0.65540551133175,1.21920322882062,1.68373187751046
980,0.652144181543928,1.21597899349011,1.67924653119285
981,0.656141533279053,1.21190950157662,1.68059182821893
982,0.654292880579258,1.21150767728027,1.68323027410105
983,0.659004331887816,1.21320321058987,1.68290331912631
984,0.651880413383283,1.21198141512667,1.68249140652118
985,0.654473660714001,1.21245528539196,1.68208139228451
986,0.648798119284321,1.21200341431416,1.67834411545821
987,0.645868193277099,1.21454763296799,1.68308149001593
988,0.644698965725204,1.21562551428627,1.68246340861216
989,0.643897425292964,1.21671210750957,1.68532333068365
990,0.638128216914438,1.21765172055121,1.687562553133
991,0.64590939637691,1.21838601434897,1.68825289877335
992,0.646235249789824,1.21937639533101,1.69057682347458
993,0.643565458912249,1.22172243492631,1.68779243080684
994,0.642378558375695,1.22272491482594,1.69197769593834
995,0.640550692320148,1.22532074048465,1.69407753696344
996,0.639940282846666,1.22371593833324,1.69297845595953
997,0.637679634100781,1.22192145913488,1.68262378559858
998,0.638439966096986,1.22211244726944,1.6759436036125
999,0.637831702627874,1.22078119578648,1.67443845983172
1000,0.635718169969806,1.22335745246758,1.67845625338036
